{"cameraMode":{"drawMode":0,"name":"Shaded","section":"Shading Mode"},"sceneLighting":false,"audioPlay":false,"sceneViewState":{"showFog":true,"showMaterialUpdate":false,"showSkybox":false,"showFlares":true,"showImageEffects":true,"showParticleSystems":true},"in2DMode":false,"pivot":{"x":4.68095588684082,"y":11.350000381469727,"z":8.663288116455079},"rotation":{"x":-0.07893211394548416,"y":0.29793208837509158,"z":-0.024728480726480485,"w":-0.9510034322738648},"size":0.8660253882408142,"orthographic":false}