{"cameraMode":{"drawMode":0,"name":"Shaded","section":"Shading Mode"},"sceneLighting":false,"audioPlay":false,"sceneViewState":{"showFog":true,"showMaterialUpdate":false,"showSkybox":false,"showFlares":true,"showImageEffects":true,"showParticleSystems":true},"in2DMode":false,"pivot":{"x":0.06746548414230347,"y":-7.450580596923828e-7,"z":0.3828485906124115},"rotation":{"x":-0.2027510553598404,"y":0.3539574444293976,"z":-0.07888668030500412,"w":-0.9096159934997559},"size":1.9200623035430909,"orthographic":false}