{"cameraMode":{"drawMode":0,"name":"Shaded","section":"Shading Mode"},"sceneLighting":true,"audioPlay":false,"sceneViewState":{"showFog":true,"showMaterialUpdate":false,"showSkybox":true,"showFlares":true,"showImageEffects":true,"showParticleSystems":true},"in2DMode":false,"pivot":{"x":758.821044921875,"y":83.8121337890625,"z":621.5682373046875},"rotation":{"x":0.19901522994041444,"y":-0.5326864123344421,"z":0.13053233921527863,"w":0.8121590614318848},"size":1749.205078125,"orthographic":false}